timestamp_utc	phase	decision	why	evidence	result
2026-09-28T15:35:02Z	Ground	Use DESIGN_SYSTEM.md as the only design specification	The approved preview already exists and the user asked to apply it across the app	DESIGN_SYSTEM.md; ToolboxTauri/src/design-system/index.ts	Started
2026-09-28T15:35:02Z	Ground	Keep state in the existing shell and feature views; migrate presentation at shared seams	The scaffold, command rail, result list, and feature workspaces already own stable product behavior	Read-only maps from shell_map and view_map	Grounding assembled
2026-09-28T15:38:16Z	Frame	Define a migration sketch, not a replacement component specification	The app already has a public primitive API and a canonical spec	Rubric: existing contracts; unchanged state/operation semantics; phase-level E2E gates; all five workspace families and both themes; specialized editor geometry remains stable	Ready for design candidates
2026-09-28T15:49:38Z	Sketch	Adopt existing public primitives at current app seams with no new APIs	Both candidate plans converge; cross-judge prefers candidate 2's phased E2E gates	/tmp/arena-toolbox-ds-migration/candidate-1/design.md; /tmp/arena-toolbox-ds-migration/candidate-2/design.md	Selected base
2026-09-28T15:49:38Z	Graft	Keep explicit file/run/result invariants and PDF bounds as gates	Candidate 1 adds concrete preserve/verify points without moving state	ToolScaffold and ResultList ownership map; pdf-scene.spec.ts desktop viewport assertions	Grafted into migration checklist
2026-09-28T15:49:38Z	Reject	Do not add a generic WorkspaceForm type or convert the existing command toolbar to nav semantics	The first adds a shared schema without owning workflow behavior; the second conflicts with role=toolbar and the Toolbar contract	Candidates 1/2; WorkspaceCommandRail.tsx; DESIGN_SYSTEM.md Toolbar contract	No new API or semantics drift
2026-09-28T15:55:58Z	Implement	Replace legacy color aliases with semantic tokens and remove their declarations	All aliases mapped 1:1 to canonical token values; repeated implementation styles now reference semantic roles	`npm run check:design-system-colors`; `npm run build`; `tests/ui/design-system.spec.ts` 3/3	Foundation green; app appearance preserved in both palette checks
2026-09-28T16:34:47Z	Implement	Adopt shared controls in workspace shell, navigation, library, and settings	Keep state ownership and command semantics at their current seams	ToolScaffold.tsx; WorkspaceCommandRail.tsx; ResultList.tsx; MainPage.tsx; SettingsPanel.tsx; feature-navigation.spec.ts	Slice verified; file ordering, stale-result guards, settings persistence, theme controls, and keyboard navigation preserved
2026-09-28T16:34:47Z	Implement	Adopt shared controls in security, media, and PDF conversion forms	Keep password clearing, format checks, inspection gates, page selection, and payloads unchanged	SecurityWorkspaceView.tsx; MediaWorkspaceView.tsx; PDFConversionWorkspaceView.tsx; feature-navigation.spec.ts	Focused E2E passed; build passed
2026-09-28T16:34:47Z	Implement	Adopt shared controls in image editor and PDF editor actions	Keep draft/history owners, preview validity, canvas gestures, document geometry, and export guards unchanged	ImageEditorWorkspaceView.tsx; PDFEditorWorkspaceView.tsx; SceneCanvas.tsx; pdf-scene.spec.ts; pdf-editor-followup.spec.ts; scene-canvas.spec.ts	Focused editor E2E passed 25/25; light and dark PDF workspace screenshots emitted
2026-09-28T16:34:47Z	Verify	Verify app-wide contracts and actual desktop rendering	Use existing Playwright E2E as the behavioral gate and inspect both semantic palettes	npm run test:ui -- --config=playwright.migration.config.ts; npm run build; npm run check:design-system-colors; git diff --check; test-results PDF workspace captures	VERIFIED; 110 passed, 3 skipped for unavailable tools; build and color check passed
